year,active_at_jan1,new_crates,new_current_crates,new_deleted_crates,partial_year
2014,0,602,596,6,False
2015,602,2629,2585,44,False
2016,3231,3648,3579,69,False
2017,6879,5572,5456,116,False
2018,12451,7862,7656,206,False
2019,20313,11716,11338,378,False
2020,32029,17620,17023,597,False
2021,49649,20384,19773,611,False
2022,70033,26218,25331,887,False
2023,96251,33665,32283,1382,False
2024,129916,37339,35756,1583,False
2025,166917,54515,49865,4650,False
2026,214603,140799,134290,6509,True
