month,released_last_12m,registered
2014-11-01,0,0
2014-12-01,354,362
2015-01-01,591,596
2015-02-01,834,843
2015-03-01,1005,1011
2015-04-01,1237,1244
2015-05-01,1472,1479
2015-06-01,1737,1745
2015-07-01,1957,1966
2015-08-01,2163,2171
2015-09-01,2399,2405
2015-10-01,2562,2568
2015-11-01,2769,2772
2015-12-01,2892,2972
2016-01-01,3045,3181
2016-02-01,3154,3402
2016-03-01,3338,3671
2016-04-01,3540,3954
2016-05-01,3635,4207
2016-06-01,3744,4476
2016-07-01,3867,4734
2016-08-01,4020,5004
2016-09-01,4180,5311
2016-10-01,4499,5724
2016-11-01,4728,6073
2016-12-01,4855,6355
2017-01-01,5138,6760
2017-02-01,5367,7161
2017-03-01,5575,7538
2017-04-01,5816,7960
2017-05-01,6037,8369
2017-06-01,6315,8866
2017-07-01,6659,9374
2017-08-01,6910,9830
2017-09-01,7106,10273
2017-10-01,7354,10745
2017-11-01,7613,11235
2017-12-01,7914,11725
2018-01-01,8171,12216
2018-02-01,8369,12742
2018-03-01,8728,13360
2018-04-01,9127,14044
2018-05-01,9376,14601
2018-06-01,9606,15157
2018-07-01,9714,15650
2018-08-01,9922,16190
2018-09-01,10285,16850
2018-10-01,10557,17507
2018-11-01,11008,18349
2018-12-01,11346,19113
2019-01-01,11754,19872
2019-02-01,12259,20779
2019-03-01,12714,21661
2019-04-01,13142,22595
2019-05-01,13538,23432
2019-06-01,14000,24334
2019-07-01,14469,25204
2019-08-01,15110,26235
2019-09-01,15522,27163
2019-10-01,16064,28134
2019-11-01,16584,29192
2019-12-01,17065,30207
2020-01-01,17465,31210
2020-02-01,18107,32481
2020-03-01,18864,33878
2020-04-01,19445,35109
2020-05-01,20243,36486
2020-06-01,21148,38081
2020-07-01,21830,39392
2020-08-01,22610,40825
2020-09-01,23507,42436
2020-10-01,24289,43923
2020-11-01,24817,45344
2020-12-01,25241,46675
2021-01-01,25977,48233
2021-02-01,26610,49887
2021-03-01,27239,51387
2021-04-01,28091,53286
2021-05-01,29069,55269
2021-06-01,29579,56987
2021-07-01,29922,58436
2021-08-01,30297,59903
2021-09-01,30751,61570
2021-10-01,31030,62970
2021-11-01,31702,64761
2021-12-01,32334,66400
2022-01-01,32730,68006
2022-02-01,33305,70122
2022-03-01,33728,71900
2022-04-01,34301,73967
2022-05-01,34484,75788
2022-06-01,35549,78171
2022-07-01,36289,80115
2022-08-01,37043,82114
2022-09-01,37817,84224
2022-10-01,38819,86324
2022-11-01,40016,88719
2022-12-01,41212,91157
2023-01-01,42251,93337
2023-02-01,43392,96079
2023-03-01,44521,98743
2023-04-01,46048,101828
2023-05-01,46895,104610
2023-06-01,48151,107536
2023-07-01,49017,110012
2023-08-01,49949,112608
2023-09-01,50699,115284
2023-10-01,51514,117722
2023-11-01,52175,120342
2023-12-01,52982,123082
2024-01-01,53709,125620
2024-02-01,54946,128838
2024-03-01,55450,131581
2024-04-01,55901,134560
2024-05-01,56458,137486
2024-06-01,56757,140149
2024-07-01,57113,142683
2024-08-01,58057,145804
2024-09-01,59307,149163
2024-10-01,59963,151925
2024-11-01,60985,155105
2024-12-01,61988,158261
2025-01-01,62975,161376
2025-02-01,63536,164483
2025-03-01,64489,167828
2025-04-01,65825,171617
2025-05-01,67141,175544
2025-06-01,68321,179057
2025-07-01,69722,182587
2025-08-01,71243,186462
2025-09-01,72828,190459
2025-10-01,74312,194436
2025-11-01,75525,199271
2025-12-01,78081,204531
2026-01-01,82159,211241
2026-02-01,88932,219820
2026-03-01,96237,229509
2026-04-01,107496,243913
2026-05-01,118663,257800
2026-06-01,131699,273808
2026-07-01,144716,289548
2026-08-01,159474,307261
2026-09-01,174264,325127
2026-10-01,189176,342996
